SampleID,Year,Population,Group,Sex,Label,Latitude,Longitude,Collector,NCBI_SRA,,,,,
ALS18_2,2019,Alsum18-2019,Alsum1,,,43.21723,-90.16774,"Pelissie, Magnusson",,,,,,
ALS18_3,2019,Alsum18-2019,Alsum1,,,43.21723,-90.16774,"Pelissie, Magnusson",,,,,,
ALS18_5,2019,Alsum18-2019,Alsum1,,,43.21723,-90.16774,"Pelissie, Magnusson",,,,,,
ALS18_6,2019,Alsum18-2019,Alsum1,,,43.21723,-90.16774,"Pelissie, Magnusson",,,,,,
ALS18_8,2019,Alsum18-2019,Alsum1,,,43.21723,-90.16774,"Pelissie, Magnusson",,,,,,
ALS18_9,2019,Alsum18-2019,Alsum1,,,43.21723,-90.16774,"Pelissie, Magnusson",,,,,,
ALS18_10,2019,Alsum18-2019,Alsum1,,,43.21723,-90.16774,"Pelissie, Magnusson",,,,,,
ALS18_13,2019,Alsum18-2019,Alsum1,,,43.21723,-90.16774,"Pelissie, Magnusson",,,,,,
CPB2015_54A,2015,Alsum25-2015,Alsum1,,,43.209314,-90.147798,Crossley,,,,,,
CPB2015_54B,2015,Alsum25-2015,Alsum1,,,43.209314,-90.147798,Crossley,,,,,,
CPB2015_54C,2015,Alsum25-2015,Alsum1,,,43.209314,-90.147798,Crossley,,,,,,
CPB2015_54D,2015,Alsum25-2015,Alsum1,,,43.209314,-90.147798,Crossley,,, ,,,
CPB2015_54E,2015,Alsum25-2015,Alsum1,,,43.209314,-90.147798,Crossley,,,,,,
CPB2015_54F,2015,Alsum25-2015,Alsum1,,,43.209314,-90.147798,Crossley,,,,,,
CPB2015_54G,2015,Alsum25-2015,Alsum1,,,43.209314,-90.147798,Crossley,,,,,,
CPB2015_54H,2015,Alsum25-2015,Alsum1,,,43.209314,-90.147798,Crossley,,,,,,
CPB2015_287A,2015,Alsum25-2015,Alsum1,,,43.209314,-90.147798,Crossley,,,,,,
CPB2015_287B,2015,Alsum25-2015,Alsum1,,,43.209314,-90.147798,Crossley,,,,,,
CPB2015_287C,2015,Alsum25-2015,Alsum1,,,43.209314,-90.147798,Crossley,,,,,,
CPB2015_287D,2015,Alsum25-2015,Alsum1,,,43.209314,-90.147798,Crossley,,,,,,
ALS18_2023A,2023,Alsum18-2023,Alsum1,,,43.21723,-90.16774,Schoville,,,,,,
ALS18_2023B,2023,Alsum18-2023,Alsum1,,,43.21723,-90.16774,Schoville,,,,,,
ALS18_2023C,2023,Alsum18-2023,Alsum1,,,43.21723,-90.16774,Schoville,,,,,,
ALS18_2023D,2023,Alsum18-2023,Alsum1,,,43.21723,-90.16774,Schoville,,,,,,
ALS18_2023E,2023,Alsum18-2023,Alsum1,,,43.21723,-90.16774,Schoville,,,,,,
ALS18_2023F,2023,Alsum18-2023,Alsum1,,,43.21723,-90.16774,Schoville,,,,,,
ALS18_2023G,2023,Alsum18-2023,Alsum1,,,43.21723,-90.16774,Schoville,,,,,,
ALS18_2023H,2023,Alsum18-2023,Alsum1,,,43.21723,-90.16774,Schoville,,,,,,
ALS59_1,2019,Alsum59-2019,Alsum2,,,43.209921,-90.207351,"Pelissie, Magnusson",,,,,,
ALS59_2,2019,Alsum59-2019,Alsum2,,,43.209921,-90.207351,"Pelissie, Magnusson",,,,,,
ALS59_4,2019,Alsum59-2019,Alsum2,,,43.209921,-90.207351,"Pelissie, Magnusson",,,,,,
ALS59_8,2019,Alsum59-2019,Alsum2,,,43.209921,-90.207351,"Pelissie, Magnusson",,,,,,
ALS59_9,2019,Alsum59-2019,Alsum2,,,43.209921,-90.207351,"Pelissie, Magnusson",,,,,,
ALS59_10,2019,Alsum59-2019,Alsum2,,,43.209921,-90.207351,"Pelissie, Magnusson",,,,,,
ALS59_12,2019,Alsum59-2019,Alsum2,,,43.209921,-90.207351,"Pelissie, Magnusson",,,,,,
ALS59_13,2019,Alsum59-2019,Alsum2,,,43.209921,-90.207351,"Pelissie, Magnusson",,,,,,
ALS140_2015215B,2015,Alsum140-2015,Alsum2,,,43.21003333,-90.19736389,Crossley,,,,,,
ALS140_2015215C,2015,Alsum140-2015,Alsum2,,,43.21003333,-90.19736389,Crossley,,,,,,
ALS140_2015215D,2015,Alsum140-2015,Alsum2,,,43.21003333,-90.19736389,Crossley,,,,,,
ALS140_2015215E,2015,Alsum140-2015,Alsum2,,,43.21003333,-90.19736389,Crossley,,,,,,
ALS140_2015215F,2015,Alsum140-2015,Alsum2,,,43.21003333,-90.19736389,Crossley,,,,,,
ALS140_2015215G,2015,Alsum140-2015,Alsum2,,,43.21003333,-90.19736389,Crossley,,,,,,
ALS140_2015215H,2015,Alsum140-2015,Alsum2,,,43.21003333,-90.19736389,Crossley,,,,,,
ALS140_2015215L,2015,Alsum140-2015,Alsum2,,,43.21003333,-90.19736389,Crossley,,,,,,
SDS23_008A,2023,Alsum59-2023,Alsum2,,,43.209921,-90.207351,Schoville,,,,,,
SDS23_008B,2023,Alsum59-2023,Alsum2,,,43.209921,-90.207351,Schoville,,,,,,
SDS23_008C,2023,Alsum59-2023,Alsum2,,,43.209921,-90.207351,Schoville,,,,,,
SDS23_008D,2023,Alsum59-2023,Alsum2,,,43.209921,-90.207351,Schoville,,,,,,
SDS23_008E,2023,Alsum59-2023,Alsum2,,,43.209921,-90.207351,Schoville,,,,,,
SDS23_008F,2023,Alsum59-2023,Alsum2,,,43.209921,-90.207351,Schoville,,,,,,
SDS23_008G,2023,Alsum59-2023,Alsum2,,,43.209921,-90.207351,Schoville,,,,,,
SDS23_008H,2023,Alsum59-2023,Alsum2,,,43.209921,-90.207351,Schoville,,,,,,
CPBWGS_39,2015,Arlington-2015,Arlington,Male,"Arlington, Columbia Co., Wisconsin",43.30438055,-89.33189999,Crossley,SRR10388369,,,,,
CPBWGS_40,2015,Arlington-2015,Arlington,Female,"Arlington, Columbia Co., Wisconsin",43.30438055,-89.33189999,Crossley,SRR10388368,,,,,
CPBWGS_41,2015,Arlington-2015,Arlington,Female,"Arlington, Columbia Co., Wisconsin",43.30438055,-89.33189999,Crossley,SRR10388366,,,,,
CPBWGS_42,2015,Arlington-2015,Arlington,Female,"Arlington, Columbia Co., Wisconsin",43.30438055,-89.33189999,Crossley,SRR10388365,,,,,
CPBWGS_43,2015,Arlington-2015,Arlington,Male,"Arlington, Columbia Co., Wisconsin",43.30438055,-89.33189999,Crossley,SRR10388364,,,,,
SDS23_011A,2023,Arlington-2023,Arlington,,"Arlington, Columbia Co., Wisconsin",43.30438055,-89.33189999,Schoville,,,,,,
SDS23_011B,2023,Arlington-2023,Arlington,,"Arlington, Columbia Co., Wisconsin",43.30438055,-89.33189999,Schoville,,,,,,
SDS23_011C,2023,Arlington-2023,Arlington,,"Arlington, Columbia Co., Wisconsin",43.30438055,-89.33189999,Schoville,,,,,,
SDS23_011D,2023,Arlington-2023,Arlington,,"Arlington, Columbia Co., Wisconsin",43.30438055,-89.33189999,Schoville,,,,,,
SDS23_011E,2023,Arlington-2023,Arlington,,"Arlington, Columbia Co., Wisconsin",43.30438055,-89.33189999,Schoville,,,,,,
SDS23_011F,2023,Arlington-2023,Arlington,,"Arlington, Columbia Co., Wisconsin",43.30438055,-89.33189999,Schoville,,,,,,
SDS23_011G,2023,Arlington-2023,Arlington,,"Arlington, Columbia Co., Wisconsin",43.30438055,-89.33189999,Schoville,,,,,,
SDS23_011H,2023,Arlington-2023,Arlington,,"Arlington, Columbia Co., Wisconsin",43.30438055,-89.33189999,Schoville,,,,,,
Arl_2019A,2019,Arlington-2019,Arlington,,"Arlington, Columbia Co., Wisconsin",43.30438055,-89.33189999,"Pelissie, Magnusson",,,,,,
Arl_2019B,2019,Arlington-2019,Arlington,,"Arlington, Columbia Co., Wisconsin",43.30438055,-89.33189999,"Pelissie, Magnusson",,,,,,
Arl_2019C,2019,Arlington-2019,Arlington,,"Arlington, Columbia Co., Wisconsin",43.30438055,-89.33189999,"Pelissie, Magnusson",,,,,,
Arl_2019D,2019,Arlington-2019,Arlington,,"Arlington, Columbia Co., Wisconsin",43.30438055,-89.33189999,"Pelissie, Magnusson",,,,,,
Arl_2019E,2019,Arlington-2019,Arlington,,"Arlington, Columbia Co., Wisconsin",43.30438055,-89.33189999,"Pelissie, Magnusson",,,,,,
Arl_2019F,2019,Arlington-2019,Arlington,,"Arlington, Columbia Co., Wisconsin",43.30438055,-89.33189999,"Pelissie, Magnusson",,,,,,
Arl_2019G,2019,Arlington-2019,Arlington,,"Arlington, Columbia Co., Wisconsin",43.30438055,-89.33189999,"Pelissie, Magnusson",,,,,,
Arl_2019H,2019,Arlington-2019,Arlington,,"Arlington, Columbia Co., Wisconsin",43.30438055,-89.33189999,"Pelissie, Magnusson",,,,,,
Arl_2014Pl1E10,2015,Arlington2015,Arlington,,"Arlington, Columbia Co., Wisconsin",43.30438055,-89.33189999,Crossley,,,,,,
Arl_2014Pl1E11,2015,Arlington2015,Arlington,,"Arlington, Columbia Co., Wisconsin",43.30438055,-89.33189999,Crossley,,,,,,
Arl_2014Pl1E12,2015,Arlington2015,Arlington,,"Arlington, Columbia Co., Wisconsin",43.30438055,-89.33189999,Crossley,,,,,,
C5_2023A,2023,C5-2023,Coloma1,,,44.0455222,-89.6233111,Schoville,,,,,,
C5_2023B,2023,C5-2023,Coloma1,,,44.0455222,-89.6233111,Schoville,,,,,,
C5_2023C,2023,C5-2023,Coloma1,,,44.0455222,-89.6233111,Schoville,,,,,,
C5_2023D,2023,C5-2023,Coloma1,,,44.0455222,-89.6233111,Schoville,,,,,,
C5_2023E,2023,C5-2023,Coloma1,,,44.0455222,-89.6233111,Schoville,,,,,,
C5_2023F,2023,C5-2023,Coloma1,,,44.0455222,-89.6233111,Schoville,,,,,,
C5_2023G,2023,C5-2023,Coloma1,,,44.0455222,-89.6233111,Schoville,,,,,,
C5_2023H,2023,C5-2023,Coloma1,,,44.0455222,-89.6233111,Schoville,,,,,,
CPB2015_219A,2015,C5-2015,Coloma1,,,44.04552222,-89.62331111,Crossley,,,,,,
CPB2015_219B,2015,C5-2015,Coloma1,,,44.04552222,-89.62331111,Crossley,,,,,,
CPB2015_219C,2015,C5-2015,Coloma1,,,44.04552222,-89.62331111,Crossley,,,,,,
CPB2015_219D,2015,C5-2015,Coloma1,,,44.04552222,-89.62331111,Crossley,,,,,,
CPB2015_219E,2015,C5-2015,Coloma1,,,44.04552222,-89.62331111,Crossley,,,,,,
CPB2015_219F,2015,C5-2015,Coloma1,,,44.04552222,-89.62331111,Crossley,,,,,,
CPB2015_219G,2015,C5-2015,Coloma1,,,44.04552222,-89.62331111,Crossley,,,,,,
CPB2015_219H,2015,C5-2015,Coloma1,,,44.04552222,-89.62331111,Crossley,,,,,,
Colbon4_1,2019,ColomaBonus4-2019,Coloma1,,,44.0428262,-89.6167801,"Pelissie, Magnuson",,,,,,
Colbon4_2,2019,ColomaBonus4-2019,Coloma1,,,44.0428262,-89.6167801,"Pelissie, Magnuson",,,,,,
Colbon4_3,2019,ColomaBonus4-2019,Coloma1,,,44.0428262,-89.6167801,"Pelissie, Magnuson",,,,,,
Colbon4_4,2019,ColomaBonus4-2019,Coloma1,,,44.0428262,-89.6167801,"Pelissie, Magnuson",,,,,,
Colbon4_5,2019,ColomaBonus4-2019,Coloma1,,,44.0428262,-89.6167801,"Pelissie, Magnuson",,,,,,
Colbon4_6,2019,ColomaBonus4-2019,Coloma1,,,44.0428262,-89.6167801,"Pelissie, Magnuson",,,,,,
Colbon4_7,2019,ColomaBonus4-2019,Coloma1,,,44.0428262,-89.6167801,"Pelissie, Magnuson",,,,,,
Colbon4_8,2019,ColomaBonus4-2019,Coloma1,,,44.0428262,-89.6167801,"Pelissie, Magnuson",,,,,,
Colbon2_9,2019,ColomaBonus-2019,Coloma2,,,44.0098608,-89.5998251,"Pelissie, Magnuson",,,,,,
Colbon2_11,2019,ColomaBonus-2019,Coloma2,,,44.0098608,-89.5998251,"Pelissie, Magnuson",,,,,,
Colbon2_12,2019,ColomaBonus-2019,Coloma2,,,44.0098608,-89.5998251,"Pelissie, Magnuson",,,,,,
Colbon2_14,2019,ColomaBonus-2019,Coloma2,,,44.0098608,-89.5998251,"Pelissie, Magnuson",,,,,,
Colbon2_16,2019,ColomaBonus-2019,Coloma2,,,44.0098608,-89.5998251,"Pelissie, Magnuson",,,,,,
Colbon2_18,2019,ColomaBonus-2019,Coloma2,,,44.0098608,-89.5998251,"Pelissie, Magnuson",,,,,,
Colbon2_21,2019,ColomaBonus-2019,Coloma2,,,44.0098608,-89.5998251,"Pelissie, Magnuson",,,,,,
Colbon2_24,2019,ColomaBonus-2019,Coloma2,,,44.0098608,-89.5998251,"Pelissie, Magnuson",,,,,,
SDS23_055A,2023,C44-L15-2023,Coloma2,,,44.00073889,-89.59624167,Schoville,,,,,,
SDS23_055B,2023,C44-L15-2023,Coloma2,,,44.00073889,-89.59624167,Schoville,,,,,,
SDS23_055C,2023,C44-L15-2023,Coloma2,,,44.00073889,-89.59624167,Schoville,,,,,,
SDS23_055D,2023,C44-L15-2023,Coloma2,,,44.00073889,-89.59624167,Schoville,,,,,,
SDS23_055E,2023,C44-L15-2023,Coloma2,,,44.00073889,-89.59624167,Schoville,,,,,,
SDS23_055F,2023,C44-L15-2023,Coloma2,,,44.00073889,-89.59624167,Schoville,,,,,,
SDS23_055G,2023,C44-L15-2023,Coloma2,,,44.00073889,-89.59624167,Schoville,,,,,,
SDS23_055H,2023,C44-L15-2023,Coloma2,,,44.00073889,-89.59624167,Schoville,,,,,,
CPB2015_203A,2015,C44-L15-2015,Coloma2,,,44.00073889,-89.59624167,Schoville,,,,,,
CPB2015_203B,2015,C44-L15-2015,Coloma2,,,44.00073889,-89.59624167,Crossley,,,,,,
CPB2015_203C,2015,C44-L15-2015,Coloma2,,,44.00073889,-89.59624167,Crossley,,,,,,
CPB2015_38A,2015,C44-L15-2015,Coloma2,,,44.00073889,-89.59624167,Crossley,,,,,,
CPB2015_38B,2015,C44-L15-2015,Coloma2,,,44.00073889,-89.59624167,Crossley,,,,,,
CPB2015_38C,2015,C44-L15-2015,Coloma2,,,44.00073889,-89.59624167,Crossley,,,,,,
CPB2015_38D,2015,C44-L15-2015,Coloma2,,,44.00073889,-89.59624167,Crossley,,,,,,
CPB2015_38E,2015,C44-L15-2015,Coloma2,,,44.00073889,-89.59624167,Crossley,,,,,,
Collyon_5,2019,ColomaLyons-2019,Coloma3,,,44.024106,-89.603559,"Pelissie, Magnusson",,,,,,
Collyon_6,2019,ColomaLyons-2019,Coloma3,,,44.024106,-89.603559,"Pelissie, Magnusson",,,,,,
Collyon_7,2019,ColomaLyons-2019,Coloma3,,,44.024106,-89.603559,"Pelissie, Magnusson",,,,,,
Collyon_9,2019,ColomaLyons-2019,Coloma3,,,44.024106,-89.603559,"Pelissie, Magnusson",,,,,,
Collyon_10,2019,ColomaLyons-2019,Coloma3,,,44.024106,-89.603559,"Pelissie, Magnusson",,,,,,
Collyon_11,2019,ColomaLyons-2019,Coloma3,,,44.024106,-89.603559,"Pelissie, Magnusson",,,,,,
Collyon_13,2019,ColomaLyons-2019,Coloma3,,,44.024106,-89.603559,"Pelissie, Magnusson",,,,,,
Collyon_17,2019,ColomaLyons-2019,Coloma3,,,44.024106,-89.603559,"Pelissie, Magnusson",,,,,,
SDS23_052A,2023,Aartz-2023,Coloma3,,,44.026376,-89.598095,Schoville,,,,,,
SDS23_052B,2023,Aartz-2023,Coloma3,,,44.026376,-89.598095,Schoville,,,,,,
SDS23_052C,2023,Aartz-2023,Coloma3,,,44.026376,-89.598095,Schoville,,,,,,
SDS23_052D,2023,Aartz-2023,Coloma3,,,44.026376,-89.598095,Schoville,,,,,,
SDS23_052E,2023,Aartz-2023,Coloma3,,,44.026376,-89.598095,Schoville,,,,,,
SDS23_052F,2023,Aartz-2023,Coloma3,,,44.026376,-89.598095,Schoville,,,,,,
MBXmas_1,2019,XMASBig-2019,Group3,,,44.18041731,-89.62019839,"Pelissie, Magnusson",,,,,,
MBXmas_2,2019,XMASBig-2019,Group3,,,44.18041731,-89.62019839,"Pelissie, Magnusson",,,,,,
MBXmas_3,2019,XMASBig-2019,Group3,,,44.18041731,-89.62019839,"Pelissie, Magnusson",,,,,,
MBXmas_4,2019,XMASBig-2019,Group3,,,44.18041731,-89.62019839,"Pelissie, Magnusson",,,,,,
MBXmas_5,2019,XMASBig-2019,Group3,,,44.18041731,-89.62019839,"Pelissie, Magnusson",,,,,,
MBXmas_6,2019,XMASBig-2019,Group3,,,44.18041731,-89.62019839,"Pelissie, Magnusson",,,,,,
SDS23_040A,2023,XMASBig-2023,Group3,,,44.18041731,-89.62019839,Schoville,,,,,,
SDS23_040B,2023,XMASBig-2023,Group3,,,44.18041731,-89.62019839,Schoville,,,,,,
SDS23_040C,2023,XMASBig-2023,Group3,,,44.18041731,-89.62019839,Schoville,,,,,,
SDS23_040D,2023,XMASBig-2023,Group3,,,44.18041731,-89.62019839,Schoville,,,,,,
SDS23_040E,2023,XMASBig-2023,Group3,,,44.18041731,-89.62019839,Schoville,,,,,,
SDS23_040F,2023,XMASBig-2023,Group3,,,44.18041731,-89.62019839,Schoville,,,,,,
CPB2015_189,2015,GarrisonNE-2015,Group5,,,44.36995,-89.612148,Crossley,,,,,,
CPB2015_192,2015,GarrisonNE-2015,Group5,,,44.36995,-89.612148,Crossley,,,,,,
CPB2015_199A,2015,GarrisonNE-2015,Group5,,,44.36995,-89.612148,Crossley,,,,,,
CPB2015_199B,2015,GarrisonNE-2015,Group5,,,44.36995,-89.612148,Crossley,,,,,,
CPB2015_199C,2015,GarrisonNE-2015,Group5,,,44.36995,-89.612148,Crossley,,,,,,
CPB2015_199D,2015,GarrisonNE-2015,Group5,,,44.36995,-89.612148,Crossley,,,,,,
CPB2015_259A,2015,GarrisonNE-2015,Group5,,,44.36995,-89.612148,Crossley,,,,,,
CPB2015_259B,2015,GarrisonNE-2015,Group5,,,44.36995,-89.612148,Crossley,,,,,,
OkrGarrissonNE_5,2019,OkrayGarrisonNE-2019,Group5,,,44.36995,-89.612148,"Pelissie, Magnusson",,,,,,
OkrGarrissonNE_6,2019,OkrayGarrisonNE-2019,Group5,,,44.36995,-89.612148,"Pelissie, Magnusson",,,,,,
OkrGarrissonNE_7,2019,OkrayGarrisonNE-2019,Group5,,,44.36995,-89.612148,"Pelissie, Magnusson",,,,,,
OkrGarrissonNE_8,2019,OkrayGarrisonNE-2019,Group5,,,44.36995,-89.612148,"Pelissie, Magnusson",,,,,,
OkrGarrissonNE_9,2019,OkrayGarrisonNE-2019,Group5,,,44.36995,-89.612148,"Pelissie, Magnusson",,,,,,
OkrGarrissonNE_10,2019,OkrayGarrisonNE-2019,Group5,,,44.36995,-89.612148,"Pelissie, Magnusson",,,,,,
OkrGarrissonNE_11,2019,OkrayGarrisonNE-2019,Group5,,,44.36995,-89.612148,"Pelissie, Magnusson",,,,,,
OkrGarrissonNE_12,2019,OkrayGarrisonNE-2019,Group5,,,44.36995,-89.612148,"Pelissie, Magnusson",,,,,,
SDS23_082A,2023,GarrisonNE-2023,Group5,,,44.36995,-89.612148,Schoville,,,,,,
SDS23_082B,2023,GarrisonNE-2023,Group5,,,44.36995,-89.612148,Schoville,,,,,,
SDS23_082C,2023,GarrisonNE-2023,Group5,,,44.36995,-89.612148,Schoville,,,,,,
SDS23_082D,2023,GarrisonNE-2023,Group5,,,44.36995,-89.612148,Schoville,,,,,,
SDS23_082E,2023,GarrisonNE-2023,Group5,,,44.36995,-89.612148,Schoville,,,,,,
SDS23_082F,2023,GarrisonNE-2023,Group5,,,44.36995,-89.612148,Schoville,,,,,,
SDS23_082G,2023,GarrisonNE-2023,Group5,,,44.36995,-89.612148,Schoville,,,,,,
SDS23_082H,2023,GarrisonNE-2023,Group5,,,44.36995,-89.612148,Schoville,,,,,,
CPB2015_125A,2015,Mortensen9-2015,Group6,,,44.20953889,-89.61269444,Crossley,,,,,,
CPB2015_125B,2015,Mortensen9-2015,Group6,,,44.20953889,-89.61269444,Crossley,,,,,,
CPB2015_125C,2015,Mortensen9-2015,Group6,,,44.20953889,-89.61269444,Crossley,,,,,,
CPB2015_125D,2015,Mortensen9-2015,Group6,,,44.20953889,-89.61269444,Crossley,,,,,,
CPB2015_125E,2015,Mortensen9-2015,Group6,,,44.20953889,-89.61269444,Crossley,,,,,,
CPB2015_125F,2015,Mortensen9-2015,Group6,,,44.20953889,-89.61269444,Crossley,,,,,,
CPB2015_214A,2015,H10-2015,H10,,,44.122947,-89.652968,Crossley,,,,,,
CPB2015_214B,2015,H10-2015,H10,,,44.122947,-89.652968,Crossley,,,,,,
CPB2015_214C,2015,H10-2015,H10,,,44.122947,-89.652968,Crossley,,,,,,
CPB2015_218A,2015,H10-2015,H10,,,44.122947,-89.652968,Crossley,,,,,,
SDS23_030A,2023,H10-2023,H10,,,44.122947,-89.652968,Schoville,,,,,,
SDS23_030B,2023,H10-2023,H10,,,44.122947,-89.652968,Schoville,,,,,,
SDS23_030C,2023,H10-2023,H10,,,44.122947,-89.652968,Schoville,,,,,,
SDS23_030D,2023,H10-2023,H10,,,44.122947,-89.652968,Schoville,,,,,,
SDS23_030E,2023,H10-2023,H10,,,44.122947,-89.652968,Schoville,,,,,,
SDS23_030F,2023,H10-2023,H10,,,44.122947,-89.652968,Schoville,,,,,,
SDS23_030G,2023,H10-2023,H10,,,44.122947,-89.652968,Schoville,,,,,,
SDS23_030H,2023,H10-2023,H10,,,44.122947,-89.652968,Schoville,,,,,,
CPB2015_218B,2015,H10-2015,H10,,,44.122947,-89.652968,Crossley,,,,,,
CPB2015_218C,2015,H10-2015,H10,,,44.122947,-89.652968,Crossley,,,,,,
CPB2015_218D,2015,H10-2015,H10,,,44.122947,-89.652968,Crossley,,,,,,
CPB2015_218E,2015,H10-2015,H10,,,44.122947,-89.652968,Crossley,,,,,,
CPB2015_159C,2015,H15-2015,H15,,,44.13749444,-89.62359167,Crossley,,,,,,
CPB2015_159B,2015,H15-2015,H15,,,44.13749444,-89.62359167,Crossley,,,,,,
CPB2015_159A,2015,H15-2015,H15,,,44.13749444,-89.62359167,Crossley,,,,,,
CPB2015_174A,2015,H15-2015,H15,,,44.13749444,-89.62359167,Crossley,,,,,,
CPB2015_174B,2015,H15-2015,H15,,,44.13749444,-89.62359167,Crossley,,,,,,
CPB2015_174C,2015,H15-2015,H15,,,44.13749444,-89.62359167,Crossley,,,,,,
CPB2015_174D,2015,H15-2015,H15,,,44.13749444,-89.62359167,Crossley,,,,,,
CPB2015_174E,2015,H15-2015,H15,,,44.13749444,-89.62359167,Crossley,,,,,,
CPB2015_174F,2015,H15-2015,H15,,,44.13749444,-89.62359167,Crossley,,,,,,
SDS23_032A,2023,H15-2023,H15,,,44.13749444,-89.62359167,Schoville,,,,,,
SDS23_032B,2023,H15-2023,H15,,,44.13749444,-89.62359167,Schoville,,,,,,
SDS23_032C,2023,H15-2023,H15,,,44.13749444,-89.62359167,Schoville,,,,,,
SDS23_032D,2023,H15-2023,H15,,,44.13749444,-89.62359167,Schoville,,,,,,
SDS23_032E,2023,H15-2023,H15,,,44.13749444,-89.62359167,Schoville,,,,,,
SDS23_032F,2023,H15-2023,H15,,,44.13749444,-89.62359167,Schoville,,,,,,
SDS23_032G,2023,H15-2023,H15,,,44.13749444,-89.62359167,Schoville,,,,,,
SDS23_032H,2023,H15-2023,H15,,,44.13749444,-89.62359167,Schoville,,,,,,
CPB2015_209A,2015,H41-2015,H41,,"Hancock, Waushara Co., Wisconsin",44.15935556,-89.53771944,Crossley,,,,,,
CPB2015_209B,2015,H41-2015,H41,,"Hancock, Waushara Co., Wisconsin",44.15935556,-89.53771944,Crossley,,,,,,
CPB2015_461,2015,H41-2015,H41,,"Hancock, Waushara Co., Wisconsin",44.15935556,-89.53771944,Crossley,,,,,,
CPB2015_499A,2015,H41-2015,H41,,"Hancock, Waushara Co., Wisconsin",44.15935556,-89.53771944,Crossley,,,,,,
CPB2015_499B,2015,H41-2015,H41,,"Hancock, Waushara Co., Wisconsin",44.15935556,-89.53771944,Crossley,,,,,,
SDS23_033A,2023,H41-2023,H41,,"Hancock, Waushara Co., Wisconsin",44.15935556,-89.53771944,Schoville,,,,,,
SDS23_033B,2023,H41-2023,H41,,"Hancock, Waushara Co., Wisconsin",44.15935556,-89.53771944,Schoville,,,,,,
SDS23_033C,2023,H41-2023,H41,,"Hancock, Waushara Co., Wisconsin",44.15935556,-89.53771944,Schoville,,,,,,
SDS23_033D,2023,H41-2023,H41,,"Hancock, Waushara Co., Wisconsin",44.15935556,-89.53771944,Schoville,,,,,,
SDS23_033E,2023,H41-2023,H41,,"Hancock, Waushara Co., Wisconsin",44.15935556,-89.53771944,Schoville,,,,,,
SDS23_033F,2023,H41-2023,H41,,"Hancock, Waushara Co., Wisconsin",44.15935556,-89.53771944,Schoville,,,,,,
SDS23_033G,2023,H41-2023,H41,,"Hancock, Waushara Co., Wisconsin",44.15935556,-89.53771944,Schoville,,,,,,
SDS23_033H,2023,H41-2023,H41,,"Hancock, Waushara Co., Wisconsin",44.15935556,-89.53771944,Schoville,,,,,,
CPB2015_22A,2015,H41-2015,H41,,"Hancock, Waushara Co., Wisconsin",44.15935556,-89.53771944,Crossley,,,,,,
CPB2015_22B,2015,H41-2015,H41,,"Hancock, Waushara Co., Wisconsin",44.15935556,-89.53771944,Crossley,,,,,,
CPB2015_22C,2015,H41-2015,H41,,"Hancock, Waushara Co., Wisconsin",44.15935556,-89.53771944,Crossley,,,,,,
CPB2015_348A,2015,H53-2015,H53,,"Hancock, Waushara Co., Wisconsin",44.08141111,-89.5689,Crossley,,,,,,
CPB2015_348B,2015,H53-2015,H53,,"Hancock, Waushara Co., Wisconsin",44.08141111,-89.5689,Crossley,,,,,,
CPB2015_348C,2015,H53-2015,H53,,"Hancock, Waushara Co., Wisconsin",44.08141111,-89.5689,Crossley,,,,,,
CPB2015_348D,2015,H53-2015,H53,,"Hancock, Waushara Co., Wisconsin",44.08141111,-89.5689,Crossley,,,,,,
CPB2015_348E,2015,H53-2015,H53,,"Hancock, Waushara Co., Wisconsin",44.08141111,-89.5689,Crossley,,,,,,
CPB2015_348F,2015,H53-2015,H53,,"Hancock, Waushara Co., Wisconsin",44.08141111,-89.5689,Crossley,,,,,,
CPB2015_417,2015,H53-2015,H53,,"Hancock, Waushara Co., Wisconsin",44.08141111,-89.5689,Crossley,,,,,,
CPB2015_442A,2015,H53-2015,H53,,"Hancock, Waushara Co., Wisconsin",44.08141111,-89.5689,Crossley,,,,,,
CPB2015_442B,2015,H53-2015,H53,,"Hancock, Waushara Co., Wisconsin",44.08141111,-89.5689,Crossley,,,,,,
CPB2015_442C,2015,H53-2015,H53,,"Hancock, Waushara Co., Wisconsin",44.08141111,-89.5689,Crossley,,,,,,
CPB2015_442D,2015,H53-2015,H53,,"Hancock, Waushara Co., Wisconsin",44.08141111,-89.5689,Crossley,,,,,,
CPB2015_442E,2015,H53-2015,H53,,"Hancock, Waushara Co., Wisconsin",44.08141111,-89.5689,Crossley,,,,,,
CPB2015_504A,2015,H53-2015,H53,,"Hancock, Waushara Co., Wisconsin",44.08141111,-89.5689,Crossley,,,,,,
CPB2015_504B,2015,H53-2015,H53,,"Hancock, Waushara Co., Wisconsin",44.08141111,-89.5689,Crossley,,,,,,
CPB2015_504C,2015,H53-2015,H53,,"Hancock, Waushara Co., Wisconsin",44.08141111,-89.5689,Crossley,,,,,,
CPBWGS_44,2015,H53-2015,H53,Female,"Hancock, Waushara Co., Wisconsin",44.08141111,-89.5689,Crossley,SRR10388363,,,,,
CPBWGS_45,2015,H53-2015,H53,Female,"Hancock, Waushara Co., Wisconsin",44.08141111,-89.5689,Crossley,SRR10388362,,,,,
CPBWGS_46,2015,H53-2015,H53,Female,"Hancock, Waushara Co., Wisconsin",44.08141111,-89.5689,Crossley,SRR10388361,,,,,
CPBWGS_47,2015,H53-2015,H53,Female,"Hancock, Waushara Co., Wisconsin",44.08141111,-89.5689,Crossley,SRR10388360,,,,,
CPBWGS_48,2015,H53-2015,H53,Male,"Hancock, Waushara Co., Wisconsin",44.08141111,-89.5689,Crossley,SRR10388359,,,,,
H66_2023A,2023,H66-2023,H53,,,44.08271,-89.55361,Schoville,,,,,,
H66_2023B,2023,H66-2023,H53,,,44.08271,-89.55361,Schoville,,,,,,
H66_2023C,2023,H66-2023,H53,,,44.08271,-89.55361,Schoville,,,,,,
H66_2023K,2023,H66-2023,H53,,,44.08271,-89.55361,Schoville,,,,,,
H66_2023E,2023,H66-2023,H53,,,44.08271,-89.55361,Schoville,,,,,,
H66_2023F,2023,H66-2023,H53,,,44.08271,-89.55361,Schoville,,,,,,
H66_2023G,2023,H66-2023,H53,,,44.08271,-89.55361,Schoville,,,,,,
H66_2023H,2023,H66-2023,H53,,,44.08271,-89.55361,Schoville,,,,,,
H66_2023I,2023,H66-2023,H53,,,44.08271,-89.55361,Schoville,,,,,,
H66_2023J,2023,H66-2023,H53,,,44.08271,-89.55361,Schoville,,,,,,
SDS23_017A,2023,H66-2023,H53,,,44.08271,-89.55361,Schoville,,,,,,
SDS23_017B,2023,H66-2023,H53,,,44.08271,-89.55361,Schoville,,,,,,
CPB2015_241A,2015,H67-2015,H67,,"Hancock, Waushara Co., Wisconsin",44.07924722,-89.548275,Crossley,,,,,,
CPB2015_241B,2015,H67-2015,H67,,"Hancock, Waushara Co., Wisconsin",44.07924722,-89.548275,Crossley,,,,,,
CPB2015_241C,2015,H67-2015,H67,,"Hancock, Waushara Co., Wisconsin",44.07924722,-89.548275,Crossley,,,,,,
CPB2015_202A,2015,Refuge-2015,H67,,,44.087325,-89.50988333,Crossley,,,,,,
CPB2015_202B,2015,Refuge-2015,H67,,,44.087325,-89.50988333,Crossley,,,,,,
CPB2015_202C,2015,Refuge-2015,H67,,,44.087325,-89.50988333,Crossley,,,,,,
CPB2015_202D,2015,Refuge-2015,H67,,,44.087325,-89.50988333,Crossley,,,,,,
CPB2015_258A,2015,Refuge-2015,H67,,,44.087325,-89.50988333,Crossley,,,,,,
CPB2015_258B,2015,Refuge-2015,H67,,,44.087325,-89.50988333,Crossley,,,,,,
CPB2015_258C,2015,Refuge-2015,H67,,,44.087325,-89.50988333,Crossley,,,,,,
CPB2015_258D,2015,Refuge-2015,H67,,,44.087325,-89.50988333,Crossley,,,,,,
CPB2015_258E,2015,Refuge-2015,H67,,,44.087325,-89.50988333,Crossley,,,,,,
CPB2015_26A,2015,Hesler-2015,Hesler,,,43.919667,-89.662781,Crossley,,,,,,
CPB2015_26B,2015,Hesler-2015,Hesler,,,43.919667,-89.662781,Crossley,,,,,,
CPB2015_26C,2015,Hesler-2015,Hesler,,,43.919667,-89.662781,Crossley,,,,,,
CPB2015_26D,2015,Hesler-2015,Hesler,,,43.919667,-89.662781,Crossley,,,,,,
CPB2015_26E,2015,Hesler-2015,Hesler,,,43.919667,-89.662781,Crossley,,,,,,
CPB2015_26F,2015,Hesler-2015,Hesler,,,43.919667,-89.662781,Crossley,,,,,,
CPB2015_26G,2015,Hesler-2015,Hesler,,,43.919667,-89.662781,Crossley,,,,,,
CPB2015_26H,2015,Hesler-2015,Hesler,,,43.919667,-89.662781,Crossley,,,,,, 
SilverValley2015_133B,2015,SilverValley-2015,Hesler,,,43.89850833,-89.69366111,Crossley,,,,,,
SilverValley2015_133A,2015,SilverValley-2015,Hesler,,,43.89850833,-89.69366111,Crossley,,,,,,
SilverValley2015_133C,2015,SilverValley-2015,Hesler,,,43.89850833,-89.69366111,Crossley,,,,,,
SilverValley2015_133D,2015,SilverValley-2015,Hesler,,,43.89850833,-89.69366111,Crossley,,,,,,
SilverValley2015_133E,2015,SilverValley-2015,Hesler,,,43.89850833,-89.69366111,Crossley,,,,,,
SilverValley2015_133F,2015,SilverValley-2015,Hesler,,,43.89850833,-89.69366111,Crossley,,,,,,
SDS23_046A,2023,Du-2023,Hesler,,,43.90818,-89.67714,Schoville,,,,,,
SDS23_046B,2023,Du-2023,Hesler,,,43.90818,-89.67714,Schoville,,,,,,
SDS23_046C,2023,Du-2023,Hesler,,,43.90818,-89.67714,Schoville,,,,,,
SDS23_046D,2023,Du-2023,Hesler,,,43.90818,-89.67714,Schoville,,,,,,
SDS23_046E,2023,Du-2023,Hesler,,,43.90818,-89.67714,Schoville,,,,,,
SDS23_046F,2023,Du-2023,Hesler,,,43.90818,-89.67714,Schoville,,,,,,
SDS23_046G,2023,Du-2023,Hesler,,,43.90818,-89.67714,Schoville,,,,,,
SDS23_046H,2023,Du-2023,Hesler,,,43.90818,-89.67714,Schoville,,,,,,
Okrrobacks_1,2019,OkrayRobacks-2019,Okray1,,,44.441325,-89.609514,"Pelissie, Magnuson",,,,,,
Okrrobacks_2,2019,OkrayRobacks-2019,Okray1,,,44.441325,-89.609514,"Pelissie, Magnuson",,,,,,
Okrrobacks_3,2019,OkrayRobacks-2019,Okray1,,,44.441325,-89.609514,"Pelissie, Magnuson",,,,,,
Okrrobacks_5,2019,OkrayRobacks-2019,Okray1,,,44.441325,-89.609514,"Pelissie, Magnuson",,,,,,
Okrrobacks_7,2019,OkrayRobacks-2019,Okray1,,,44.441325,-89.609514,"Pelissie, Magnuson",,,,,,
Okrrobacks_9,2019,OkrayRobacks-2019,Okray1,,,44.441325,-89.609514,"Pelissie, Magnuson",,,,,,
Okrrobacks_11,2019,OkrayRobacks-2019,Okray1,,,44.441325,-89.609514,"Pelissie, Magnuson",,,,,,
Okrrobacks_12,2019,OkrayRobacks-2019,Okray1,,,44.441325,-89.609514,"Pelissie, Magnuson",,,,,,
Okrgrosh_1,2019,OkrayGrosheks40-2019,Okray1,,,44.437271,-89.570611,"Pelissie, Magnuson",,,,,,
Okrgrosh_2,2019,OkrayGrosheks40-2019,Okray1,,,44.437271,-89.570611,"Pelissie, Magnuson",,,,,,
Okrgrosh_3,2019,OkrayGrosheks40-2019,Okray1,,,44.437271,-89.570611,"Pelissie, Magnuson",,,,,,
Okrgrosh_4,2019,OkrayGrosheks40-2019,Okray1,,,44.437271,-89.570611,"Pelissie, Magnuson",,,,,,
Okrgrosh_5,2019,OkrayGrosheks40-2019,Okray1,,,44.437271,-89.570611,"Pelissie, Magnuson",,,,,,
Okrgrosh_6,2019,OkrayGrosheks40-2019,Okray1,,,44.437271,-89.570611,"Pelissie, Magnuson",,,,,,
Okrgrosh_7,2019,OkrayGrosheks40-2019,Okray1,,,44.437271,-89.570611,"Pelissie, Magnuson",,,,,,
Okrgrosh_9,2019,OkrayGrosheks40-2019,Okray1,,,44.437271,-89.570611,"Pelissie, Magnuson",,,,,,
SDS23_076A,2023,OkrayGrosheks40-2023,Okray1,,,44.437271,-89.570611,Schoville,,,,,,
SDS23_076B,2023,OkrayGrosheks40-2023,Okray1,,,44.437271,-89.570611,Schoville,,,,,,
SDS23_076C,2023,OkrayGrosheks40-2023,Okray1,,,44.437271,-89.570611,Schoville,,,,,,
SDS23_076D,2023,OkrayGrosheks40-2023,Okray1,,,44.437271,-89.570611,Schoville,,,,,,
SDS23_076E,2023,OkrayGrosheks40-2023,Okray1,,,44.437271,-89.570611,Schoville,,,,,,
SDS23_076F,2023,OkrayGrosheks40-2023,Okray1,,,44.437271,-89.570611,Schoville,,,,,,
SDS23_076G,2023,OkrayGrosheks40-2023,Okray1,,,44.437271,-89.570611,Schoville,,,,,,
SDS23_076H,2023,OkrayGrosheks40-2023,Okray1,,,44.437271,-89.570611,Schoville,,,,,,
CPB2015_157A,2015,PFEast-2015,Okray1,,,44.43760278,-89.59420278,Crossley,,,,,,
CPB2015_157B,2015,PFEast-2015,Okray1,,,44.43760278,-89.59420278,Crossley,,,,,,
CPB2015_170A,2015,PFEast-2015,Okray1,,,44.43760278,-89.59420278,Crossley,,,,,,
CPB2015_170B,2015,PFEast-2015,Okray1,,,44.43760278,-89.59420278,Crossley,,,,,,
CPB2015_216A,2015,PFEast-2015,Okray1,,,44.43760278,-89.59420278,Crossley,,,,,,
CPB2015_216B,2015,PFEast-2015,Okray1,,,44.43760278,-89.59420278,Crossley,,,,,,
CPB2015_284A,2015,PFEast-2015,Okray1,,,44.43760278,-89.59420278,Crossley,,,,,,
CPB2015_284B,2015,PFEast-2015,Okray1,,,44.43760278,-89.59420278,Crossley,,,,,,
SDS23_072A,2023,LaszSE-O14-2023,Okray2,,,44.41390278,-89.62209167,Schoville,,,,,,
SDS23_072B,2023,LaszSE-O14-2023,Okray2,,,44.41390278,-89.62209167,Schoville,,,,,,
SDS23_072C,2023,LaszSE-O14-2023,Okray2,,,44.41390278,-89.62209167,Schoville,,,,,,
SDS23_072D,2023,LaszSE-O14-2023,Okray2,,,44.41390278,-89.62209167,Schoville,,,,,,
SDS23_072E,2023,LaszSE-O14-2023,Okray2,,,44.41390278,-89.62209167,Schoville,,,,,,
SDS23_072F,2023,LaszSE-O14-2023,Okray2,,,44.41390278,-89.62209167,Schoville,,,,,,
CPB2015_213A,2015,LaszSE-O14-2015,Okray2,,,44.41390278,-89.62209167,Crossley,,,,,,
CPB2015_213B,2015,LaszSE-O14-2015,Okray2,,,44.41390278,-89.62209167,Crossley,,,,,,
CPB2015_213C,2015,LaszSE-O14-2015,Okray2,,,44.41390278,-89.62209167,Crossley,,,,,,
CPB2015_213D,2015,LaszSE-O14-2015,Okray2,,,44.41390278,-89.62209167,Crossley,,,,,,
CPB2015_213E,2015,LaszSE-O14-2015,Okray2,,,44.41390278,-89.62209167,Crossley,,,,,,
CPB2015_213F,2015,LaszSE-O14-2015,Okray2,,,44.41390278,-89.62209167,Crossley,,,,,,
OkrPFWiper_1,2019,OkrayPFWiper-2019,Okray2,,,44.416229,-89.592241,"Pelissie, Magnuson",,,,,,
OkrPFWiper_2,2019,OkrayPFWiper-2019,Okray2,,,44.416229,-89.592241,"Pelissie, Magnuson",,,,,,
OkrPFWiper_3,2019,OkrayPFWiper-2019,Okray2,,,44.416229,-89.592241,"Pelissie, Magnuson",,,,,,
OkrPFWiper_4,2019,OkrayPFWiper-2019,Okray2,,,44.416229,-89.592241,"Pelissie, Magnuson",,,,,,
OkrPFWiper_5,2019,OkrayPFWiper-2019,Okray2,,,44.416229,-89.592241,"Pelissie, Magnuson",,,,,,
OkrPFWiper_6,2019,OkrayPFWiper-2019,Okray2,,,44.416229,-89.592241,"Pelissie, Magnuson",,,,,,
Paramount257_2015105A,2015,Paramount257-2015,Paramount,,,44.16775278,-89.45960833,Crossley,,,,,,
Paramount257_2015105B,2015,Paramount257-2015,Paramount,,,44.16775278,-89.45960833,Crossley,,,,,,
Paramount257_2015105C,2015,Paramount257-2015,Paramount,,,44.16775278,-89.45960833,Crossley,,,,,,
Paramount257_2015105E,2015,Paramount257-2015,Paramount,,,44.16775278,-89.45960833,Crossley,,,,,,
Paramount257_2015105G,2015,Paramount257-2015,Paramount,,,44.16775278,-89.45960833,Crossley,,,,,,
Paramount257_2015105H,2015,Paramount257-2015,Paramount,,,44.16775278,-89.45960833,Crossley,,,,,,
Paramount257_2015120B,2015,Paramount257-2015,Paramount,,,44.16775278,-89.45960833,Crossley,,,,,,
Paramount257_2015155A,2015,Paramount257-2015,Paramount,,,44.16775278,-89.45960833,Crossley,,,,,,
PRBrPats_1,2019,PloverBrikalskiPats-2019,Plover1,,,44.554466,-89.496602,"Pelissie, Magnuson",,,,,,
PRBrPats_2,2019,PloverBrikalskiPats-2019,Plover1,,,44.554466,-89.496602,"Pelissie, Magnuson",,,,,,
PRBrPats_3,2019,PloverBrikalskiPats-2019,Plover1,,,44.554466,-89.496602,"Pelissie, Magnuson",,,,,,
PRBrPats_5,2019,PloverBrikalskiPats-2019,Plover1,,,44.554466,-89.496602,"Pelissie, Magnuson",,,,,,
PRBrPats_6,2019,PloverBrikalskiPats-2019,Plover1,,,44.554466,-89.496602,"Pelissie, Magnuson",,,,,,
PRBrPats_7,2019,PloverBrikalskiPats-2019,Plover1,,,44.554466,-89.496602,"Pelissie, Magnuson",,,,,,
PRBrPats_8,2019,PloverBrikalskiPats-2019,Plover1,,,44.554466,-89.496602,"Pelissie, Magnuson",,,,,,
PRBrPats_9,2019,PloverBrikalskiPats-2019,Plover1,,,44.554466,-89.496602,"Pelissie, Magnuson",,,,,,
CPB2015_137A,2015,BrilowskiHome-2015,Plover1,,,44.55635278,-89.50217222,Crossley,,,,,,
CPB2015_137B,2015,BrilowskiHome-2015,Plover1,,,44.55635278,-89.50217222,Crossley,,,,,,
CPB2015_137C,2015,BrilowskiHome-2015,Plover1,,,44.55635278,-89.50217222,Crossley,,,,,,
CPB2015_137D,2015,BrilowskiHome-2015,Plover1,,,44.55635278,-89.50217222,Crossley,,,,,,
CPB2015_137E,2015,BrilowskiHome-2015,Plover1,,,44.55635278,-89.50217222,Crossley,,,,,,
CPB2015_137F,2015,BrilowskiHome-2015,Plover1,,,44.55635278,-89.50217222,Crossley,,,,,,
CPB2015_137G,2015,BrilowskiHome-2015,Plover1,,,44.55635278,-89.50217222,Crossley,,,,,,
CPB2015_137H,2015,BrilowskiHome-2015,Plover1,,,44.55635278,-89.50217222,Crossley,,,,,,
SDS23_095A,2023,BrikalskiPats-2023,Plover1,,,44.55635278,-89.50217222,Schoville,,,,,,
SDS23_095B,2023,BrikalskiPats-2023,Plover1,,,44.554466,-89.496602,Schoville,,,,,,
SDS23_095C,2023,BrikalskiPats-2023,Plover1,,,44.554466,-89.496602,Schoville,,,,,,
SDS23_095D,2023,BrikalskiPats-2023,Plover1,,,44.554466,-89.496602,Schoville,,,,,,
SDS23_095E,2023,BrikalskiPats-2023,Plover1,,,44.554466,-89.496602,Schoville,,,,,,
SDS23_095F,2023,BrikalskiPats-2023,Plover1,,,44.554466,-89.496602,Schoville,,,,,,
SDS23_095G,2023,BrikalskiPats-2023,Plover1,,,44.554466,-89.496602,Schoville,,,,,,
SDS23_095H,2023,BrikalskiPats-2023,Plover1,,,44.554466,-89.496602,Schoville,,,,,,
PRDaveBrSE_2,2019,PloverDaveBrSE-2019,Plover2,,,44.53635,-89.491872,"Pelissie, Magnuson",,,,,,
PRDaveBrSE_3,2019,PloverDaveBrSE-2019,Plover2,,,44.53635,-89.491872,"Pelissie, Magnuson",,,,,,
PRDaveBrSE_4,2019,PloverDaveBrSE-2019,Plover2,,,44.53635,-89.491872,"Pelissie, Magnuson",,,,,,
PRDaveBrSE_6,2019,PloverDaveBrSE-2019,Plover2,,,44.53635,-89.491872,"Pelissie, Magnuson",,,,,,
PRDaveBrSE_7,2019,PloverDaveBrSE-2019,Plover2,,,44.53635,-89.491872,"Pelissie, Magnuson",,,,,,
PRDaveBrSE_9,2019,PloverDaveBrSE-2019,Plover2,,,44.53635,-89.491872,"Pelissie, Magnuson",,,,,,
PRDaveBrSE_10,2019,PloverDaveBrSE-2019,Plover2,,,44.53635,-89.491872,"Pelissie, Magnuson",,,,,,
PRDaveBrSE_11,2019,PloverDaveBrSE-2019,Plover2,,,44.53635,-89.491872,"Pelissie, Magnuson",,,,,,
SDS23_092A,2023,DaveBrilowski-2023,Plover2,,,44.53635,-89.491872,Schoville,,,,,,
SDS23_092B,2023,DaveBrilowski-2023,Plover2,,,44.53635,-89.491872,Schoville,,,,,,
SDS23_092C,2023,DaveBrilowski-2023,Plover2,,,44.53635,-89.491872,Schoville,,,,,,
SDS23_092D,2023,DaveBrilowski-2023,Plover2,,,44.53635,-89.491872,Schoville,,,,,,
SDS23_092E,2023,DaveBrilowski-2023,Plover2,,,44.53635,-89.491872,Schoville,,,,,,
SDS23_092F,2023,DaveBrilowski-2023,Plover2,,,44.53635,-89.491872,Schoville,,,,,,
SDS23_092G,2023,DaveBrilowski-2023,Plover2,,,44.53635,-89.491872,Schoville,,,,,,
SDS23_092H,2023,DaveBrilowski-2023,Plover2,,,44.53635,-89.491872,Schoville,,,,,,
CPB2015_126A,2015,BrilowskiNE-2015,Plover2,,,44.53981944,-89.49151111,Crossley,,,,,,
CPB2015_126B,2015,BrilowskiNE-2015,Plover2,,,44.53981944,-89.49151111,Crossley,,,,,,
CPB2015_126C,2015,BrilowskiNE-2015,Plover2,,,44.53981944,-89.49151111,Crossley,,,,,,
CPB2015_126D,2015,BrilowskiNE-2015,Plover2,,,44.53981944,-89.49151111,Crossley,,,,,,
CPB2015_126E,2015,BrilowskiNE-2015,Plover2,,,44.53981944,-89.49151111,Crossley,,,,,,
CPB2015_126F,2015,BrilowskiNE-2015,Plover2,,,44.53981944,-89.49151111,Crossley,,,,,,
CPB2015_126G,2015,BrilowskiNE-2015,Plover2,,,44.53981944,-89.49151111,Crossley,,,,,,
CPB2015_126H,2015,BrilowskiNE-2015,Plover2,,,44.53981944,-89.49151111,Crossley,,,,,,
Wys1129_1,2019,Wysocki1129-2019,Wysocki1,,,44.272736,-89.711443,"Pelissie, Magnuson",,,,,,
Wys1129_2,2019,Wysocki1129-2019,Wysocki1,,,44.272736,-89.711443,"Pelissie, Magnuson",,,,,,
Wys1129_5,2019,Wysocki1129-2019,Wysocki1,,,44.272736,-89.711443,"Pelissie, Magnuson",,,,,,
Wys1129_6,2019,Wysocki1129-2019,Wysocki1,,,44.272736,-89.711443,"Pelissie, Magnuson",,,,,,
Wys1129_8,2019,Wysocki1129-2019,Wysocki1,,,44.272736,-89.711443,"Pelissie, Magnuson",,,,,,
Wys1129_9,2019,Wysocki1129-2019,Wysocki1,,,44.272736,-89.711443,"Pelissie, Magnuson",,,,,,
Wys1129_10,2019,Wysocki1129-2019,Wysocki1,,,44.272736,-89.711443,"Pelissie, Magnuson",,,,,,
Wys1129_11,2019,Wysocki1129-2019,Wysocki1,,,44.272736,-89.711443,"Pelissie, Magnuson",,,,,,
CPB2015_109A,2015,Wysocki122-2015,Wysocki1,,,44.25806944,-89.70194722,Crossley,,,,,,
CPB2015_109B,2015,Wysocki122-2015,Wysocki1,,,44.25806944,-89.70194722,Crossley,,,,,,
CPB2015_109C,2015,Wysocki122-2015,Wysocki1,,,44.25806944,-89.70194722,Crossley,,,,,,
CPB2015_109D,2015,Wysocki122-2015,Wysocki1,,,44.25806944,-89.70194722,Crossley,,,,,,
CPB2015_109E,2015,Wysocki122-2015,Wysocki1,,,44.25806944,-89.70194722,Crossley,,,,,,
CPB2015_109F,2015,Wysocki122-2015,Wysocki1,,,44.25806944,-89.70194722,Crossley,,,,,,
CPB2015_111A,2015,Wysocki122-2015,Wysocki1,,,44.25806944,-89.70194722,Crossley,,,,,,
CPB2015_111B,2015,Wysocki122-2015,Wysocki1,,,44.25806944,-89.70194722,Crossley,,,,,,
SDS23_063A,2023,Wysocki1129-2023,Wysocki1,,,44.272736,-89.711443,Schoville,,,,,,
SDS23_063B,2023,Wysocki1129-2023,Wysocki1,,,44.272736,-89.711443,Schoville,,,,,,
SDS23_063C,2023,Wysocki1129-2023,Wysocki1,,,44.272736,-89.711443,Schoville,,,,,,
SDS23_063D,2023,Wysocki1129-2023,Wysocki1,,,44.272736,-89.711443,Schoville,,,,,,
SDS23_063E,2023,Wysocki1129-2023,Wysocki1,,,44.272736,-89.711443,Schoville,,,,,,
SDS23_063F,2023,Wysocki1129-2023,Wysocki1,,,44.272736,-89.711443,Schoville,,,,,,
SDS23_063G,2023,Wysocki1129-2023,Wysocki1,,,44.272736,-89.711443,Schoville,,,,,,
SDS23_063H,2023,Wysocki1129-2023,Wysocki1,,,44.272736,-89.711443,Schoville,,,,,,
Wys438_1,2019,Wysocki438-2019,Wysocki2,,,44.266751,-89.56392,"Pelissie, Magnuson",,,,,,
Wys438_2,2019,Wysocki438-2019,Wysocki2,,,44.266751,-89.56392,"Pelissie, Magnuson",,,,,,
Wys438_3,2019,Wysocki438-2019,Wysocki2,,,44.266751,-89.56392,"Pelissie, Magnuson",,,,,,
Wys438_5,2019,Wysocki438-2019,Wysocki2,,,44.266751,-89.56392,"Pelissie, Magnuson",,,,,,
Wys438_6,2019,Wysocki438-2019,Wysocki2,,,44.266751,-89.56392,"Pelissie, Magnuson",,,,,,
Wys438_7,2019,Wysocki438-2019,Wysocki2,,,44.266751,-89.56392,"Pelissie, Magnuson",,,,,,
Wys438_10,2019,Wysocki438-2019,Wysocki2,,,44.266751,-89.56392,"Pelissie, Magnuson",,,,,,
Wys438_11,2019,Wysocki438-2019,Wysocki2,,,44.266751,-89.56392,"Pelissie, Magnuson",,,,,,
CPB2015_183,2015,Paramount528-2015,Wysocki2,,,44.29095,-89.54353889,Crossley,,,,,,
CPB2015_283A,2015,Paramount528-2015,Wysocki2,,,44.29095,-89.54353889,Crossley,,,,,,
CPB2015_283B,2015,Paramount528-2015,Wysocki2,,,44.29095,-89.54353889,Crossley,,,,,,
CPB2015_285A,2015,Paramount528-2015,Wysocki2,,,44.29095,-89.54353889,Crossley,,,,,,
CPB2015_285B,2015,Paramount528-2015,Wysocki2,,,44.29095,-89.54353889,Crossley,,,,,,
CPB2015_285C,2015,Paramount528-2015,Wysocki2,,,44.29095,-89.54353889,Crossley,,,,,,
CPB2015_201,2015,Paramount528-2015,Wysocki2,,,44.29095,-89.54353889,Crossley,,,,,,
CPB2015_193,2015,Paramount528-2015,Wysocki2,,,44.29095,-89.54353889,Crossley,,,,,,
Wedekind_3A,2023,Wedekind_3-2023,Wysocki2,,,44.27351,-89.55668,Schoville,,,,,,
Wedekind_3B,2023,Wedekind_3-2023,Wysocki2,,,44.27351,-89.55668,Schoville,,,,,,
Wedekind_3C,2023,Wedekind_3-2023,Wysocki2,,,44.27351,-89.55668,Schoville,,,,,,
Wedekind_3D,2023,Wedekind_3-2023,Wysocki2,,,44.27351,-89.55668,Schoville,,,,,,
Wedekind_3E,2023,Wedekind_3-2023,Wysocki2,,,44.27351,-89.55668,Schoville,,,,,,
Wedekind_3F,2023,Wedekind_3-2023,Wysocki2,,,44.27351,-89.55668,Schoville,,,,,,
Wedekind_3G,2023,Wedekind_3-2023,Wysocki2,,,44.27351,-89.55668,Schoville,,,,,,
Wedekind_3H,2023,Wedekind_3-2023,Wysocki2,,,44.27351,-89.55668,Schoville,,,,,,
Wys563_21,2019,Wysocki563-2019,Wysocki3,,,44.320808,-89.506422,"Pelissie, Magnuson",,,,,,
Wys563_22,2019,Wysocki563-2019,Wysocki3,,,44.320808,-89.506422,"Pelissie, Magnuson",,,,,,
Wys563_23,2019,Wysocki563-2019,Wysocki3,,,44.320808,-89.506422,"Pelissie, Magnuson",,,,,,
Wys563_34,2019,Wysocki563-2019,Wysocki3,,,44.320808,-89.506422,"Pelissie, Magnuson",,,,,,
Wys563_26,2019,Wysocki563-2019,Wysocki3,,,44.320808,-89.506422,"Pelissie, Magnuson",,,,,,
Wys563_28,2019,Wysocki563-2019,Wysocki3,,,44.320808,-89.506422,"Pelissie, Magnuson",,,,,,
Wys563_29,2019,Wysocki563-2019,Wysocki3,,,44.320808,-89.506422,"Pelissie, Magnuson",,,,,,
Wys563_311,2019,Wysocki563-2019,Wysocki3,,,44.320808,-89.506422,"Pelissie, Magnuson",,,,,,
Wys570_2,2019,Wysocki570-2019,Wysocki3,,,44.328258,-89.513657,"Pelissie, Magnuson",,,,,,
Wys570_3,2019,Wysocki570-2019,Wysocki3,,,44.328258,-89.513657,"Pelissie, Magnuson",,,,,,
Wys570_4,2019,Wysocki570-2019,Wysocki3,,,44.328258,-89.513657,"Pelissie, Magnuson",,,,,,
Wys570_5,2019,Wysocki570-2019,Wysocki3,,,44.328258,-89.513657,"Pelissie, Magnuson",,,,,,
Wys570_6,2019,Wysocki570-2019,Wysocki3,,,44.328258,-89.513657,"Pelissie, Magnuson",,,,,,
Wys570_8,2019,Wysocki570-2019,Wysocki3,,,44.328258,-89.513657,"Pelissie, Magnuson",,,,,,
Wys570_10,2019,Wysocki570-2019,Wysocki3,,,44.328258,-89.513657,"Pelissie, Magnuson",,,,,,
Wys570_11,2019,Wysocki570-2019,Wysocki3,,,44.328258,-89.513657,"Pelissie, Magnuson",,,,,,
CPB2015_121A,2015,Paramount652-2015,Wysocki3,,,44.34494722,-89.51632778,Crossley,,,,,,
CPB2015_121B,2015,Paramount652-2015,Wysocki3,,,44.34494722,-89.51632778,Crossley,,,,,,
CPB2015_121C,2015,Paramount652-2015,Wysocki3,,,44.34494722,-89.51632778,Crossley,,,,,,
CPB2015_121D,2015,Paramount652-2015,Wysocki3,,,44.34494722,-89.51632778,Crossley,,,,,,
CPB2015_121E,2015,Paramount652-2015,Wysocki3,,,44.34494722,-89.51632778,Crossley,,,,,,
CPB2015_121F,2015,Paramount652-2015,Wysocki3,,,44.34494722,-89.51632778,Crossley,,,,,,
CPB2015_121G,2015,Paramount652-2015,Wysocki3,,,44.34494722,-89.51632778,Crossley,,,,,,
CPB2015_121H,2015,Paramount652-2015,Wysocki3,,,44.34494722,-89.51632778,Crossley,,,,,,
SDS23_088A,2023,Airport04-2023,Wysocki3,,,44.33763,-89.5087,Schoville,,,,,,
SDS23_088B,2023,Airport04-2023,Wysocki3,,,44.33763,-89.5087,Schoville,,,,,,
SDS23_088C,2023,Airport04-2023,Wysocki3,,,44.33763,-89.5087,Schoville,,,,,,
SDS23_088D,2023,Airport04-2023,Wysocki3,,,44.33763,-89.5087,Schoville,,,,,,
SDS23_088E,2023,Airport04-2023,Wysocki3,,,44.33763,-89.5087,Schoville,,,,,,
SDS23_088F,2023,Airport04-2023,Wysocki3,,,44.33763,-89.5087,Schoville,,,,,,
SDS23_088G,2023,Airport04-2023,Wysocki3,,,44.33763,-89.5087,Schoville,,,,,,
SDS23_088H,2023,Airport04-2023,Wysocki3,,,44.33763,-89.5087,Schoville,,,,,,
